Model,Threshold Used,Sensitivity (Recall),Specificity,FPR,FNR,Precision (PPV),NPV,Balanced Accuracy,False Positives per 100,False Negatives per 100,Positive Prevalence
Multimodal CNN–BiGRU,Dynamic Fold-wise (Mean: 0.539),0.8115183246073299,0.6177777777777778,0.38222222222222224,0.18848167539267016,0.7828282828282829,0.6587677725118484,0.7146480511925538,14.168039538714991,11.86161449752883,0.6293245469522241
XGBoost,Dynamic Fold-wise (Mean: 0.500),0.9162303664921466,0.41333333333333333,0.5866666666666667,0.08376963350785341,0.7261410788381742,0.744,0.66478184991274,21.746293245469523,5.2718286655683695,0.6293245469522241
Random Forest,Dynamic Fold-wise (Mean: 0.500),0.8952879581151832,0.28,0.72,0.10471204188481675,0.6785714285714286,0.6116504854368932,0.5876439790575916,26.68863261943987,6.589785831960461,0.6293245469522241
Logistic Regression,Dynamic Fold-wise (Mean: 0.500),0.7617801047120419,0.5555555555555556,0.4444444444444444,0.23821989528795812,0.7442455242966752,0.5787037037037037,0.6586678301337987,16.474464579901152,14.991762767710048,0.6293245469522241
